Const,Your Rating,Date Rated,Title,Original Title,URL,Title Type,IMDb Rating,Runtime (mins),Year,Genres,Num Votes,Release Date,Directors
tt9288030,9,2025-03-02,"Reacher","Reacher",https://www.imdb.com/title/tt9288030,TV Series,8.0,50,2022,"Action, Crime, Drama, Thriller",258009,"2022-02-04",
tt4080956,7,2025-03-02,"A Prayer Before Dawn","A Prayer Before Dawn",https://www.imdb.com/title/tt4080956,Movie,6.8,116,2017,"Biography, Crime, Drama, Sport, Action",27256,"2018-08-10","Jean-Stéphane Sauvaire"
tt9561862,10,2024-12-21,"Love, Death & Robots","Love, Death & Robots",https://www.imdb.com/title/tt9561862,TV Series,8.4,15,2019,"Animation, Short, Comedy, Fantasy, Horror, Sci-Fi, Action, Adventure, Drama, Mystery, Thriller",212268,"2019-03-15",
tt33204697,10,2024-12-21,"Secret Level","Secret Level",https://www.imdb.com/title/tt33204697,TV Series,7.4,15,2024,"Animation, Fantasy, Sci-Fi, Adventure, Action",25525,"2024-12-10",
tt29268110,9,2024-11-02,"Smile 2","Smile 2",https://www.imdb.com/title/tt29268110,Movie,6.7,127,2024,"Horror, Mystery, Thriller",101336,"2024-10-18","Parker Finn"
tt0381681,9,2024-08-19,"Before Sunset","Before Sunset",https://www.imdb.com/title/tt0381681,Movie,8.1,80,2004,"Drama, Romance",300843,"2004-07-30","Richard Linklater"
tt0112471,10,2024-08-19,"Before Sunrise","Before Sunrise",https://www.imdb.com/title/tt0112471,Movie,8.1,101,1995,"Comedy, Romance, Drama",357321,"1995-01-27","Richard Linklater"
tt17505010,10,2024-07-23,"Horizon: An American Saga - Chapter 1","Horizon: An American Saga - Chapter 1",https://www.imdb.com/title/tt17505010,Movie,6.7,181,2024,"Western, Drama",39842,"2024-06-28","Kevin Costner"
tt2788316,10,2024-07-14,"Shōgun","Shogun",https://www.imdb.com/title/tt2788316,TV Series,8.6,60,2024,"Drama, History, Adventure, War, Action",213367,"2024-02-27",
tt0091251,8,2024-06-09,"Come and See","Idi i smotri",https://www.imdb.com/title/tt0091251,Movie,8.3,142,1985,"Thriller, Drama, War",110799,"1985-09-03","Elem Klimov"
tt17279496,9,2024-06-06,"Civil War","Civil War",https://www.imdb.com/title/tt17279496,Movie,7.0,109,2024,"Action, Thriller",234991,"2024-04-12","Alex Garland"
tt0082096,10,2024-06-05,"Das Boot","Das Boot",https://www.imdb.com/title/tt0082096,Movie,8.4,149,1981,"Drama, War",278436,"1982-02-10","Wolfgang Petersen"
tt6217306,10,2024-05-16,"Apostle","Apostle",https://www.imdb.com/title/tt6217306,Movie,6.3,130,2018,"Thriller, Horror, Mystery, Fantasy, Drama",62539,"2018-10-12","Gareth Evans"
tt2265171,10,2024-05-14,"The Raid 2","Serbuan maut 2: Berandal",https://www.imdb.com/title/tt2265171,Movie,7.9,150,2014,"Action, Thriller, Crime",135096,"2014-04-11","Gareth Evans"
tt5147214,10,2024-05-14,"Headshot","Headshot",https://www.imdb.com/title/tt5147214,Movie,6.3,118,2016,"Action, Drama, Thriller",16759,"2017-03-03","Kimo Stamboel,Timo Tjahjanto"
tt6116856,10,2024-05-14,"The Night Comes for Us","The Night Comes for Us",https://www.imdb.com/title/tt6116856,Movie,6.9,121,2018,"Action, Thriller, Crime",31107,"2018-10-19","Timo Tjahjanto"
tt1899353,10,2024-05-14,"The Raid: Redemption","Serbuan maut",https://www.imdb.com/title/tt1899353,Movie,7.6,101,2011,"Action, Thriller, Crime",223266,"2012-04-13","Gareth Evans"
tt0072684,10,2024-05-14,"Barry Lyndon","Barry Lyndon",https://www.imdb.com/title/tt0072684,Movie,8.1,185,1975,"Adventure, War, Drama",192304,"1975-12-18","Stanley Kubrick"
tt11674730,10,2024-05-12,"The Last Stop in Yuma County","The Last Stop in Yuma County",https://www.imdb.com/title/tt11674730,Movie,6.9,90,2023,"Thriller, Crime, Drama",18353,"2024-05-10","Francis Galluppi"
tt2309961,10,2024-05-07,"Afflicted","Afflicted",https://www.imdb.com/title/tt2309961,Movie,6.2,85,2013,"Horror, Thriller, Mystery",26632,"2015-01-27","Derek Lee,Clif Prowse"
tt14966898,10,2024-04-28,"Late Night with the Devil","Late Night with the Devil",https://www.imdb.com/title/tt14966898,Movie,7.0,93,2023,"Horror",122369,"2024-03-22","Cameron Cairnes,Colin Cairnes"
tt26744289,7,2024-04-28,"Infested","Vermines",https://www.imdb.com/title/tt26744289,Movie,6.2,106,2023,"Horror",12622,"2024-04-26","Sébastien Vanicek"
tt7472896,10,2024-04-23,"Mr Inbetween","Mr Inbetween",https://www.imdb.com/title/tt7472896,TV Series,8.7,30,2018,"Crime, Drama, Comedy",39707,"2018-09-25",
tt12637874,10,2024-04-14,"Fallout","Fallout",https://www.imdb.com/title/tt12637874,TV Series,8.3,60,2024,"Action, Adventure, Drama, Sci-Fi",306197,"2024-04-10",
tt20115766,10,2024-04-10,"Knox Goes Away","Knox Goes Away",https://www.imdb.com/title/tt20115766,Movie,7.0,114,2023,"Thriller, Crime",26002,"2024-03-15","Michael Keaton"
tt1179933,10,2024-04-03,"10 Cloverfield Lane","10 Cloverfield Lane",https://www.imdb.com/title/tt1179933,Movie,7.2,103,2016,"Drama, Sci-Fi, Thriller, Horror",370039,"2016-03-11","Dan Trachtenberg"
tt2798920,10,2024-04-03,"Annihilation","Annihilation",https://www.imdb.com/title/tt2798920,Movie,6.8,115,2018,"Sci-Fi, Thriller, Drama, Mystery, Adventure, Horror",377996,"2018-02-23","Alex Garland"
tt11280740,10,2024-04-03,"Severance","Severance",https://www.imdb.com/title/tt11280740,TV Series,8.7,50,2022,"Drama, Thriller, Mystery, Sci-Fi",302844,"2022-02-18",
tt5348176,10,2024-04-03,"Barry","Barry",https://www.imdb.com/title/tt5348176,TV Series,8.3,30,2018,"Comedy, Crime, Drama, Action",132078,"2018-03-25",
tt13721828,10,2024-03-27,"The Witch: Part 2 - The Other One","Manyeo: Part 2. The Other One",https://www.imdb.com/title/tt13721828,Movie,6.3,137,2022,"Mystery, Action, Thriller",7965,"2022-06-15","Park Hoon-jung"
tt8574252,10,2024-03-27,"The Witch: Part 1 - The Subversion","Manyeo",https://www.imdb.com/title/tt8574252,Movie,7.1,125,2018,"Action, Mystery, Sci-Fi",19907,"2020-03-10","Park Hoon-jung"
tt0087843,10,2024-03-05,"Once Upon a Time in America","Once Upon a Time in America",https://www.imdb.com/title/tt0087843,Movie,8.3,229,1984,"Crime, Drama",393613,"1984-06-01","Sergio Leone"
tt0077416,10,2024-03-03,"The Deer Hunter","The Deer Hunter",https://www.imdb.com/title/tt0077416,Movie,8.1,183,1978,"Drama, War",374410,"1979-02-23","Michael Cimino"
tt0070735,10,2024-03-03,"The Sting","The Sting",https://www.imdb.com/title/tt0070735,Movie,8.3,129,1973,"Drama, Crime, Comedy",289334,"1973-12-25","George Roy Hill"
tt13849558,10,2023-12-27,"Corner Office","Corner Office",https://www.imdb.com/title/tt13849558,Movie,6.1,101,2022,"Comedy, Mystery",6030,"2023-08-04","Joachim Back"
tt20561198,10,2023-12-26,"The Promised Land","Bastarden",https://www.imdb.com/title/tt20561198,Movie,7.7,127,2023,"Action, History, Biography, Drama",32087,"2023-10-05","Nikolaj Arcel"
tt1489428,10,2023-12-25,"Justified","Justified",https://www.imdb.com/title/tt1489428,TV Series,8.6,45,2010,"Drama, Crime, Action, Thriller, Mystery, Western",124618,"2010-03-16",
tt1856010,10,2023-12-25,"House of Cards","House of Cards",https://www.imdb.com/title/tt1856010,TV Series,8.6,50,2013,"Drama",545614,"2013-02-01",
tt6741278,10,2023-12-25,"Invincible","Invincible",https://www.imdb.com/title/tt6741278,TV Series,8.7,50,2021,"Animation, Sci-Fi, Action, Drama, Adventure, Fantasy, Thriller",266486,"2021-03-26",
tt9174558,10,2023-12-25,"Dopesick","Dopesick",https://www.imdb.com/title/tt9174558,TV Mini Series,8.6,60,2021,"Drama",85723,"2021-10-13",
tt11097240,9,2023-12-22,"Obliterated","Obliterated",https://www.imdb.com/title/tt11097240,TV Series,6.8,,2023,"Drama, Action, Comedy",22430,"2023-11-30",
tt29371876,10,2023-12-20,"Rick and Morty: Fear No Mort","Rick and Morty: Fear No Mort",https://www.imdb.com/title/tt29371876,TV Episode,9.4,24,2023,"Animation, Adventure, Comedy, Sci-Fi",10111,"2023-12-17","Eugene Huang,Wesley Archer,Jacob Hair"
tt21942866,10,2023-12-18,"Dream Scenario","Dream Scenario",https://www.imdb.com/title/tt21942866,Movie,6.8,102,2023,"Comedy, Horror, Fantasy, Drama",84202,"2023-11-22","Kristoffer Borgli"
tt1136617,10,2023-12-18,"The Killer","The Killer",https://www.imdb.com/title/tt1136617,Movie,6.7,118,2023,"Action, Thriller, Crime, Drama, Adventure",209651,"2023-11-10","David Fincher"
tt7923710,10,2023-12-18,"My Mister","Naui ajusshi",https://www.imdb.com/title/tt7923710,TV Series,9.0,70,2018,"Drama, Family",12400,"2020-11-03",
tt29371875,10,2023-12-17,"Rick and Morty: Mort: Ragnarick","Rick and Morty: Mort: Ragnarick",https://www.imdb.com/title/tt29371875,TV Episode,7.9,22,2023,"Animation, Adventure, Comedy, Sci-Fi",6368,"2023-12-10","Wesley Archer,Jacob Hair,Nathan Litz,Kyoung Hee Lim"
tt27145269,10,2023-12-09,"Mr. Monk's Last Case: A Monk Movie","Mr. Monk's Last Case: A Monk Movie",https://www.imdb.com/title/tt27145269,Movie,6.7,97,2023,"Comedy, Crime, Mystery",11449,"2023-12-08","Randy Zisk"
tt20285780,10,2023-12-06,"The Artful Dodger","The Artful Dodger",https://www.imdb.com/title/tt20285780,TV Series,8.0,60,2023,"Drama, Crime, History",14428,"2023-11-29",
tt13287846,1,2023-11-28,"Napoleon","Napoleon",https://www.imdb.com/title/tt13287846,Movie,6.3,158,2023,"Biography, Action, Drama, War, Adventure, History",171743,"2023-11-22","Ridley Scott"
tt15268934,10,2023-11-28,"Invincible: It's Been a While","Invincible: It's Been a While",https://www.imdb.com/title/tt15268934,TV Episode,9.2,47,2023,"Animation, Sci-Fi, Action, Drama, Adventure, Fantasy, Thriller",13283,"2023-11-24","Jason Zurek,Dan Duncan"
tt29371870,10,2023-11-15,"Rick and Morty: Unmortricken","Rick and Morty: Unmortricken",https://www.imdb.com/title/tt29371870,TV Episode,9.2,22,2023,"Animation, Adventure, Comedy, Sci-Fi",11303,"2023-11-12","Wesley Archer,Jacob Hair"
tt11138512,10,2023-11-08,"The Northman","The Northman",https://www.imdb.com/title/tt11138512,Movie,7.0,137,2022,"Drama, Adventure, Thriller, Action, History, Fantasy",277359,"2022-04-22","Robert Eggers"
tt10332508,10,2023-11-08,"Primal","Primal",https://www.imdb.com/title/tt10332508,TV Series,8.6,22,2019,"Animation, Action, Adventure, Drama, Horror, Fantasy",24453,"2019-10-07",
tt4301160,10,2023-11-08,"Black Bird","Black Bird",https://www.imdb.com/title/tt4301160,TV Mini Series,8.1,58,2022,"Crime, Drama, Thriller, Mystery, Biography",123694,"2022-07-08",
tt7740496,10,2023-11-08,"Nightmare Alley","Nightmare Alley",https://www.imdb.com/title/tt7740496,Movie,7.0,150,2021,"Drama, Thriller, Crime",174519,"2021-12-17","Guillermo del Toro"
tt7826376,9,2023-10-31,"Upload","Upload",https://www.imdb.com/title/tt7826376,TV Series,7.8,30,2020,"Sci-Fi, Comedy, Mystery",83646,"2020-05-01",
tt5537002,10,2023-10-31,"Killers of the Flower Moon","Killers of the Flower Moon",https://www.imdb.com/title/tt5537002,Movie,7.6,206,2023,"Drama, Crime, History, Western, Mystery, Romance",279642,"2023-10-20","Martin Scorsese"
tt21807222,1,2023-10-31,"Saw X","Saw X",https://www.imdb.com/title/tt21807222,Movie,6.6,118,2023,"Horror, Thriller, Mystery",88851,"2023-09-29","Kevin Greutert"
tt9140554,10,2023-10-31,"Loki","Loki",https://www.imdb.com/title/tt9140554,TV Series,8.2,50,2021,"Fantasy, Sci-Fi, Action, Adventure",441014,"2021-06-09",
tt9603212,1,2023-10-31,"Mission: Impossible - Dead Reckoning Part One","Mission: Impossible - Dead Reckoning Part One",https://www.imdb.com/title/tt9603212,Movie,7.6,163,2023,"Action, Adventure, Thriller",282777,"2023-07-12","Christopher McQuarrie"
tt13957560,10,2023-10-31,"Dumb Money","Dumb Money",https://www.imdb.com/title/tt13957560,Movie,6.9,105,2023,"Drama, Biography, Comedy",56081,"2023-09-29","Craig Gillespie"
tt17024450,1,2023-10-31,"The Equalizer 3","The Equalizer 3",https://www.imdb.com/title/tt17024450,Movie,6.8,109,2023,"Action, Crime, Thriller",143708,"2023-09-01","Antoine Fuqua"
tt13159924,10,2023-10-31,"Gen V","Gen V",https://www.imdb.com/title/tt13159924,TV Series,7.7,50,2023,"Comedy, Action, Adventure, Drama, Sci-Fi",121538,"2023-09-29",
tt18363072,10,2023-10-31,"The Royal Hotel","The Royal Hotel",https://www.imdb.com/title/tt18363072,Movie,5.8,91,2023,"Thriller, Drama",13826,"2023-10-06","Kitty Green"
tt13274016,10,2023-09-30,"Reptile","Reptile",https://www.imdb.com/title/tt13274016,Movie,6.8,134,2023,"Thriller, Crime, Drama, Mystery",102556,"2023-09-29","Grant Singer"
tt18559690,10,2023-09-03,"Power Book IV: Force: Tommy's Back","Power Book IV: Force: Tommy's Back",https://www.imdb.com/title/tt18559690,TV Episode,8.5,59,2023,"Crime, Drama",296,"2023-09-01","Rob Hardy"
tt11737520,10,2023-09-03,"One Piece","One Piece",https://www.imdb.com/title/tt11737520,TV Series,8.3,60,2023,"Action, Fantasy, Adventure, Drama, Comedy",172810,"2023-08-31",
tt27731671,10,2023-06-15,"Black Mirror: Demon 79","Black Mirror: Demon 79",https://www.imdb.com/title/tt27731671,TV Episode,6.7,74,2023,"Drama, Thriller, Sci-Fi, Mystery, Crime",24345,"2023-06-15","Toby Haynes"
tt27731663,10,2023-06-15,"Black Mirror: Mazey Day","Black Mirror: Mazey Day",https://www.imdb.com/title/tt27731663,TV Episode,5.3,43,2023,"Drama, Thriller, Sci-Fi, Mystery, Crime",27661,"2023-06-15","Uta Briesewitz"
tt27731623,10,2023-06-15,"Black Mirror: Beyond the Sea","Black Mirror: Beyond the Sea",https://www.imdb.com/title/tt27731623,TV Episode,7.4,79,2023,"Drama, Thriller, Sci-Fi, Mystery, Crime",35330,"2023-06-15","John Crowley"
tt27731608,10,2023-06-15,"Black Mirror: Loch Henry","Black Mirror: Loch Henry",https://www.imdb.com/title/tt27731608,TV Episode,7.3,56,2023,"Drama, Thriller, Sci-Fi, Mystery, Crime",34723,"2023-06-15","Sam Miller"
tt20247352,10,2023-06-15,"Black Mirror: Joan Is Awful","Black Mirror: Joan Is Awful",https://www.imdb.com/title/tt20247352,TV Episode,7.4,58,2023,"Drama, Thriller, Sci-Fi, Mystery, Crime",40736,"2023-06-15","Ally Pankiw"
tt26340330,10,2023-05-14,"Arkitekten","Arkitekten",https://www.imdb.com/title/tt26340330,TV Series,7.0,75,2023,"Comedy",947,"2023-05-04",
tt2310526,10,2023-04-02,"Suits: High Noon","Suits: High Noon",https://www.imdb.com/title/tt2310526,TV Episode,9.1,43,2012,"Drama, Comedy",4440,"2012-08-23","Kevin Bray"
tt2199758,10,2023-04-02,"Suits: All In","Suits: All In",https://www.imdb.com/title/tt2199758,TV Episode,8.3,43,2012,"Drama, Comedy",3283,"2012-07-26","John Scott"
tt10366206,10,2023-03-26,"John Wick: Chapter 4","John Wick: Chapter 4",https://www.imdb.com/title/tt10366206,Movie,7.6,169,2023,"Action, Crime, Thriller",374039,"2023-03-24","Chad Stahelski"
tt4122068,8,2023-03-21,"Humans","Humans",https://www.imdb.com/title/tt4122068,TV Series,7.9,42,2015,"Drama, Sci-Fi",44232,"2015-06-28",
tt22479848,10,2023-03-20,"Somebody","Somebody",https://www.imdb.com/title/tt22479848,TV Series,6.1,48,2022,"Crime, Thriller, Drama",2690,"2022-11-18",
tt20234568,10,2023-03-20,"Weak Hero Class 1","Yakhanyeongung",https://www.imdb.com/title/tt20234568,TV Mini Series,8.4,40,2022,"Action, Drama, Thriller",11115,"2022-11-17",
tt11247158,10,2023-03-13,"The Legend of Vox Machina","The Legend of Vox Machina",https://www.imdb.com/title/tt11247158,TV Series,8.4,30,2022,"Animation, Action, Adventure, Comedy, Fantasy",48606,"2022-01-28",
tt15747178,10,2023-03-13,"The Last of Us: Look for the Light","The Last of Us: Look for the Light",https://www.imdb.com/title/tt15747178,TV Episode,9.0,43,2023,"Adventure, Horror, Drama, Thriller, Sci-Fi, Action",46956,"2023-03-12","Ali Abbasi"
tt15747176,10,2023-03-06,"The Last of Us: When We Are in Need","The Last of Us: When We Are in Need",https://www.imdb.com/title/tt15747176,TV Episode,9.3,50,2023,"Adventure, Horror, Drama, Thriller, Sci-Fi, Action",60189,"2023-03-05","Ali Abbasi"
tt15747172,10,2023-03-06,"The Last of Us: Left Behind","The Last of Us: Left Behind",https://www.imdb.com/title/tt15747172,TV Episode,7.4,55,2023,"Adventure, Horror, Drama, Thriller, Sci-Fi, Action",70072,"2023-02-26","Liza Johnson"
tt14659496,10,2023-03-06,"The Last of Us: Kin","The Last of Us: Kin",https://www.imdb.com/title/tt14659496,TV Episode,8.8,59,2023,"Adventure, Horror, Drama, Thriller, Sci-Fi, Action",59246,"2023-02-19","Jasmila Zbanic"
tt14659486,10,2023-03-06,"The Last of Us: Endure and Survive","The Last of Us: Endure and Survive",https://www.imdb.com/title/tt14659486,TV Episode,9.4,59,2023,"Adventure, Horror, Drama, Thriller, Sci-Fi, Action",81027,"2023-02-10","Jeremy Webb"
tt18335752,10,2023-02-06,"1923","1923: A Yellowstone Origin Story",https://www.imdb.com/title/tt18335752,TV Series,8.3,60,2022,"Western, Drama",75484,"2022-12-18",
tt1190634,10,2023-02-06,"The Boys","The Boys",https://www.imdb.com/title/tt1190634,TV Series,8.6,60,2019,"Action, Sci-Fi, Crime, Drama, Comedy",769519,"2019-07-26",
tt3581920,10,2023-02-06,"The Last of Us","The Last of Us",https://www.imdb.com/title/tt3581920,TV Series,8.7,50,2023,"Adventure, Horror, Drama, Thriller, Sci-Fi, Action",623075,"2023-01-15",
tt5657856,10,2023-02-06,"Brawl in Cell Block 99","Brawl in Cell Block 99",https://www.imdb.com/title/tt5657856,Movie,7.1,132,2017,"Crime, Drama, Thriller",80075,"2017-10-06","S. Craig Zahler"
tt2494362,10,2023-02-06,"Bone Tomahawk","Bone Tomahawk",https://www.imdb.com/title/tt2494362,Movie,7.1,132,2015,"Western, Drama, Horror",129904,"2016-02-19","S. Craig Zahler"
tt11813216,10,2023-02-06,"The Banshees of Inisherin","The Banshees of Inisherin",https://www.imdb.com/title/tt11813216,Movie,7.7,114,2022,"Drama, Comedy",277279,"2022-11-04","Martin McDonagh"
tt9764362,10,2023-02-06,"The Menu","The Menu",https://www.imdb.com/title/tt9764362,Movie,7.2,107,2022,"Horror, Thriller, Comedy",450794,"2022-11-18","Mark Mylod"
tt11957006,10,2023-02-06,"The Last of Us: When You're Lost in the Darkness","The Last of Us: When You're Lost in the Darkness",https://www.imdb.com/title/tt11957006,TV Episode,9.1,81,2023,"Adventure, Horror, Drama, Thriller, Sci-Fi, Action",113331,"2023-01-15","Craig Mazin"
tt14500884,10,2023-02-06,"The Last of Us: Infected","The Last of Us: Infected",https://www.imdb.com/title/tt14500884,TV Episode,9.1,53,2023,"Adventure, Horror, Drama, Thriller, Sci-Fi, Action",104083,"2023-01-22","Neil Druckmann"
tt14500888,10,2023-02-06,"The Last of Us: Long, Long Time","The Last of Us: Long, Long Time",https://www.imdb.com/title/tt14500888,TV Episode,8.1,76,2023,"Adventure, Horror, Drama, Thriller, Sci-Fi, Action",230349,"2023-01-29","Peter Hoar"
tt14500890,10,2023-02-06,"The Last of Us: Please Hold to My Hand","The Last of Us: Please Hold to My Hand",https://www.imdb.com/title/tt14500890,TV Episode,8.3,45,2023,"Adventure, Horror, Drama, Thriller, Sci-Fi, Action",70660,"2023-02-05","Jeremy Webb"
tt1016150,10,2022-10-28,"All Quiet on the Western Front","Im Westen nichts Neues",https://www.imdb.com/title/tt1016150,Movie,7.8,148,2022,"Drama, History, War",271926,"2022-10-28","Edward Berger"
tt9184986,10,2022-10-28,"Barbarians","Barbarians",https://www.imdb.com/title/tt9184986,TV Series,7.2,,2020,"Action, Adventure, Drama",31764,"2020-10-23",
tt15791034,10,2022-10-28,"Barbarian","Barbarian",https://www.imdb.com/title/tt15791034,Movie,7.0,102,2022,"Thriller, Horror, Mystery",218261,"2022-09-09","Zach Cregger"
tt11198348,10,2022-10-04,"House of the Dragon: Driftmark","House of the Dragon: Driftmark",https://www.imdb.com/title/tt11198348,TV Episode,9.1,59,2022,"Fantasy, Action, Adventure, Drama, Romance",54023,"2022-10-02","Miguel Sapochnik"
tt21496902,10,2022-08-19,"Primal: The Red Mist","Primal: The Red Mist",https://www.imdb.com/title/tt21496902,TV Episode,9.3,23,2022,"Animation, Action, Adventure, Drama, Horror, Fantasy",1219,"2022-08-05","Genndy Tartakovsky"
tt11630828,10,2022-08-16,"Better Call Saul: Saul Gone","Better Call Saul: Saul Gone",https://www.imdb.com/title/tt11630828,TV Episode,9.8,69,2022,"Crime, Drama",62182,"2022-08-15","Peter Gould"
tt12187044,10,2022-07-13,"Better Call Saul: Point and Shoot","Better Call Saul: Point and Shoot",https://www.imdb.com/title/tt12187044,TV Episode,9.8,50,2022,"Crime, Drama",43965,"2022-07-11","Vince Gilligan"
tt6710474,10,2022-06-06,"Everything Everywhere All at Once","Everything Everywhere All at Once",https://www.imdb.com/title/tt6710474,Movie,7.8,139,2022,"Sci-Fi, Adventure, Comedy, Fantasy, Action, Drama",577287,"2022-04-08","Daniel Kwan,Daniel Scheinert"
tt12187040,10,2022-05-24,"Better Call Saul: Plan and Execution","Better Call Saul: Plan and Execution",https://www.imdb.com/title/tt12187040,TV Episode,9.9,50,2022,"Crime, Drama",64179,"2022-05-23","Thomas Schnauz"
tt10448786,10,2022-04-28,"Tokyo Vice: Yoshino","Tokyo Vice: Yoshino",https://www.imdb.com/title/tt10448786,TV Episode,8.0,64,2022,"Drama, Thriller, Crime",1640,"2022-04-28","Alan Poul"
tt11761194,10,2022-04-26,"Power Book IV: Force","Power Book IV: Force",https://www.imdb.com/title/tt11761194,TV Series,8.1,60,2022,"Crime, Drama",10765,"2022-02-06",
tt11630814,10,2022-04-25,"Better Call Saul: Wine and Roses","Better Call Saul: Wine and Roses",https://www.imdb.com/title/tt11630814,TV Episode,8.7,60,2022,"Crime, Drama",22337,"2022-04-18","Michael Morris"
tt12187028,10,2022-04-25,"Better Call Saul: Carrot and Stick","Better Call Saul: Carrot and Stick",https://www.imdb.com/title/tt12187028,TV Episode,9.1,61,2022,"Crime, Drama",22792,"2022-04-18","Vince Gilligan"
tt12187032,10,2022-04-25,"Better Call Saul: Rock and Hard Place","Better Call Saul: Rock and Hard Place",https://www.imdb.com/title/tt12187032,TV Episode,9.7,47,2022,"Crime, Drama",37378,"2022-04-25","Gordon Smith"
tt13991232,10,2022-03-25,"1883","1883: A Yellowstone Origin Story",https://www.imdb.com/title/tt13991232,TV Mini Series,8.7,60,2021,"Drama, Western",138953,"2021-12-19",
tt3697626,10,2020-04-16,"A Hard Day","Kkeutkkaji ganda",https://www.imdb.com/title/tt3697626,Movie,7.2,111,2014,"Crime, Thriller, Action",17513,"2014-05-29","Kim Seong-hun"
tt8228288,10,2020-03-27,"The Platform","El hoyo",https://www.imdb.com/title/tt8228288,Movie,7.0,94,2019,"Thriller, Sci-Fi, Horror, Mystery",305638,"2020-03-20","Galder Gaztelu-Urrutia"
tt6866266,10,2020-03-27,"Escape at Dannemora","Escape at Dannemora",https://www.imdb.com/title/tt6866266,TV Mini Series,7.9,60,2018,"Drama, Biography, Crime, Thriller",31360,"2018-11-18",
tt8772196,10,2020-03-23,"Better Call Saul: Wexler v. Goodman","Better Call Saul: Wexler v. Goodman",https://www.imdb.com/title/tt8772196,TV Episode,9.3,50,2020,"Crime, Drama",18542,"2020-03-23","Michael Morris"
tt7446798,10,2019-12-19,"Rick and Morty: Edge of Tomorty: Rick Die Rickpeat","Rick and Morty: Edge of Tomorty: Rick Die Rickpeat",https://www.imdb.com/title/tt7446798,TV Episode,8.9,22,2019,"Animation, Adventure, Comedy, Sci-Fi",16855,"2019-11-10","Erica Hayes,Wesley Archer"
tt10655682,10,2019-12-19,"Rick and Morty: Rattlestar Ricklactica","Rick and Morty: Rattlestar Ricklactica",https://www.imdb.com/title/tt10655682,TV Episode,8.8,22,2019,"Animation, Adventure, Comedy, Sci-Fi",14167,"2019-12-15","Jacob Hair,Wesley Archer"
tt8880894,10,2019-10-25,"Living with Yourself","Living with Yourself",https://www.imdb.com/title/tt8880894,TV Series,7.1,,2019,"Comedy, Drama, Sci-Fi",36601,"2019-10-18",
tt6027912,1,2019-05-20,"Game of Thrones: The Long Night","Game of Thrones: The Long Night",https://www.imdb.com/title/tt6027912,TV Episode,7.5,82,2019,"Fantasy, Drama, Adventure, Action",231731,"2019-04-28","Miguel Sapochnik"
tt6027908,10,2019-05-20,"Game of Thrones: A Knight of the Seven Kingdoms","Game of Thrones: A Knight of the Seven Kingdoms",https://www.imdb.com/title/tt6027908,TV Episode,7.9,58,2019,"Fantasy, Drama, Adventure, Action",141317,"2019-04-21","David Nutter"
tt6027920,1,2019-05-20,"Game of Thrones: The Iron Throne","Game of Thrones: The Iron Throne",https://www.imdb.com/title/tt6027920,TV Episode,4.0,80,2019,"Fantasy, Drama, Adventure, Action",271421,"2019-05-19","David Benioff,D.B. Weiss"
tt2575988,10,2019-05-15,"Silicon Valley","Silicon Valley",https://www.imdb.com/title/tt2575988,TV Series,8.5,30,2014,"Comedy",173748,"2014-04-06",
tt5071412,10,2019-05-15,"Ozark","Ozark",https://www.imdb.com/title/tt5071412,TV Series,8.5,60,2017,"Drama, Crime, Thriller",368067,"2017-07-21",
tt0119174,10,2019-05-15,"The Game","The Game",https://www.imdb.com/title/tt0119174,Movie,7.7,129,1997,"Drama, Thriller, Mystery",450602,"1997-09-12","David Fincher"
tt0289879,10,2019-05-15,"The Butterfly Effect","The Butterfly Effect",https://www.imdb.com/title/tt0289879,Movie,7.6,113,2004,"Sci-Fi, Drama, Thriller",539025,"2004-01-23","Eric Bress,J. Mackye Gruber"
tt1219289,10,2019-05-15,"Limitless","Limitless",https://www.imdb.com/title/tt1219289,Movie,7.4,105,2011,"Thriller, Sci-Fi",628236,"2011-03-18","Neil Burger"
tt1187064,10,2019-05-15,"Triangle","Triangle",https://www.imdb.com/title/tt1187064,Movie,6.9,99,2009,"Thriller, Mystery, Sci-Fi, Fantasy",139044,"2009-10-16","Christopher Smith"
tt2866360,10,2019-05-15,"Coherence","Coherence",https://www.imdb.com/title/tt2866360,Movie,7.2,89,2013,"Sci-Fi, Thriller, Mystery",158592,"2014-08-06","James Ward Byrkit"
tt6027916,1,2019-05-13,"Game of Thrones: The Bells","Game of Thrones: The Bells",https://www.imdb.com/title/tt6027916,TV Episode,5.9,78,2019,"Fantasy, Drama, Adventure, Action",205839,"2019-05-12","Miguel Sapochnik"
tt6027914,1,2019-05-07,"Game of Thrones: The Last of the Starks","Game of Thrones: The Last of the Starks",https://www.imdb.com/title/tt6027914,TV Episode,5.5,78,2019,"Fantasy, Drama, Adventure, Action",176191,"2019-05-05","David Nutter"
tt4166838,10,2017-09-14,"Over the Garden Wall: Chapter 7: The Ringing of the Bell","Over the Garden Wall: Chapter 7: The Ringing of the Bell",https://www.imdb.com/title/tt4166838,TV Episode,8.8,11,2014,"Animation, Short, Fantasy, Adventure, Drama, Family, Horror, Mystery, Comedy",2713,"2014-11-06","Nate Cash"
tt4166858,10,2017-09-14,"Over the Garden Wall: Chapter 10: The Unknown","Over the Garden Wall: Chapter 10: The Unknown",https://www.imdb.com/title/tt4166858,TV Episode,9.4,11,2014,"Animation, Short, Fantasy, Adventure, Drama, Family, Horror, Mystery, Comedy",3219,"2014-11-07","Nate Cash"
tt4166854,10,2017-09-14,"Over the Garden Wall: Chapter 9: Into the Unknown","Over the Garden Wall: Chapter 9: Into the Unknown",https://www.imdb.com/title/tt4166854,TV Episode,9.1,11,2014,"Animation, Short, Fantasy, Adventure, Drama, Family, Horror, Mystery, Comedy",2858,"2014-11-07","Nate Cash"
tt0437745,7,2017-09-14,"Robot Chicken","Robot Chicken",https://www.imdb.com/title/tt0437745,TV Series,7.7,11,2001,"Animation, Short, Comedy, Sci-Fi, Adventure",47544,"2005-02-20",
tt3718778,10,2017-09-14,"Over the Garden Wall","Over the Garden Wall",https://www.imdb.com/title/tt3718778,TV Mini Series,8.7,11,2014,"Animation, Short, Fantasy, Adventure, Drama, Family, Horror, Mystery, Comedy",79624,"2014-11-03",
tt5775874,10,2017-08-28,"Game of Thrones: The Dragon and the Wolf","Game of Thrones: The Dragon and the Wolf",https://www.imdb.com/title/tt5775874,TV Episode,9.4,80,2017,"Fantasy, Drama, Adventure, Action",73087,"2017-08-27","Jeremy Podeswa"
tt5537534,8,2017-08-23,"Ajin","Ajin",https://www.imdb.com/title/tt5537534,TV Series,7.5,24,2016,"Animation, Adventure, Drama, Horror, Mystery, Thriller, Fantasy, Action, Sci-Fi",7466,"2016-01-16",
tt5194600,1,2017-06-12,"American Horror Story: Chapter 1","American Horror Story: Chapter 1",https://www.imdb.com/title/tt5194600,TV Episode,7.7,42,2016,"Drama, Horror, Thriller, Sci-Fi",5258,"2016-09-14","Bradley Buecker"
tt1790809,1,2017-06-01,"Pirates of the Caribbean: Dead Men Tell No Tales","Pirates of the Caribbean: Dead Men Tell No Tales",https://www.imdb.com/title/tt1790809,Movie,6.5,129,2017,"Action, Adventure, Fantasy",364138,"2017-05-26","Joachim Rønning,Espen Sandberg"
tt2669336,10,2017-05-31,"Time Lapse","Time Lapse",https://www.imdb.com/title/tt2669336,Movie,6.5,104,2014,"Sci-Fi, Thriller, Mystery",51191,"2015-05-15","Bradley King"
tt4731136,9,2017-05-28,"A Cure for Wellness","A Cure for Wellness",https://www.imdb.com/title/tt4731136,Movie,6.4,146,2016,"Thriller, Mystery, Drama, Fantasy, Horror, Sci-Fi",114802,"2017-02-17","Gore Verbinski"
tt3731562,1,2017-05-26,"Kong: Skull Island","Kong: Skull Island",https://www.imdb.com/title/tt3731562,Movie,6.7,118,2017,"Action, Adventure, Fantasy, Sci-Fi",362030,"2017-03-10","Jordan Vogt-Roberts"
tt0181689,10,2017-05-18,"Minority Report","Minority Report",https://www.imdb.com/title/tt0181689,Movie,7.6,145,2002,"Crime, Sci-Fi, Mystery, Thriller, Action",600790,"2002-06-21","Steven Spielberg"
tt1631867,10,2017-05-18,"Edge of Tomorrow","Edge of Tomorrow",https://www.imdb.com/title/tt1631867,Movie,7.9,113,2014,"Action, Sci-Fi, Adventure",769451,"2014-06-06","Doug Liman"
tt0374463,9,2017-05-18,"The Pacific","The Pacific",https://www.imdb.com/title/tt0374463,TV Mini Series,8.3,53,2010,"Drama, War, History, Action, Adventure",137558,"2010-03-14",
tt0172495,10,2017-05-18,"Gladiator","Gladiator",https://www.imdb.com/title/tt0172495,Movie,8.5,155,2000,"Adventure, Drama, Action",1750862,"2000-05-05","Ridley Scott"
tt1898069,7,2017-05-18,"American Gods","American Gods",https://www.imdb.com/title/tt1898069,TV Series,7.6,60,2017,"Fantasy, Mystery, Drama",95917,"2017-04-30",
tt0831888,8,2017-05-17,"Tekkonkinkreet","Tekkon kinkurîto",https://www.imdb.com/title/tt0831888,Movie,7.5,111,2006,"Animation, Action, Crime, Adventure, Fantasy, Drama",15044,"2006-12-23","Michael Arias,Hiroaki Andô"
tt1136608,9,2017-05-17,"District 9","District 9",https://www.imdb.com/title/tt1136608,Movie,7.9,112,2009,"Sci-Fi, Action, Thriller",734035,"2009-08-14","Neill Blomkamp"
tt2442560,1,2017-05-17,"Peaky Blinders","Peaky Blinders",https://www.imdb.com/title/tt2442560,TV Series,8.7,60,2013,"Drama, Crime",706078,"2014-09-30",
tt0120815,10,2017-05-17,"Saving Private Ryan","Saving Private Ryan",https://www.imdb.com/title/tt0120815,Movie,8.6,169,1998,"Drama, War",1563805,"1998-07-24","Steven Spielberg"
tt0120737,10,2017-05-17,"The Lord of the Rings: The Fellowship of the Ring","The Lord of the Rings: The Fellowship of the Ring",https://www.imdb.com/title/tt0120737,Movie,8.9,178,2001,"Drama, Adventure, Fantasy",2099701,"2001-12-19","Peter Jackson"
tt0133093,10,2017-05-17,"The Matrix","The Matrix",https://www.imdb.com/title/tt0133093,Movie,8.7,136,1999,"Action, Sci-Fi",2146895,"1999-03-31","Lana Wachowski,Lilly Wachowski"
tt1245112,10,2017-05-17,"[Rec]²","[Rec]²",https://www.imdb.com/title/tt1245112,Movie,6.5,85,2009,"Horror, Thriller",81408,"2009-10-02","Jaume Balagueró,Paco Plaza"
tt0993846,9,2017-05-17,"The Wolf of Wall Street","The Wolf of Wall Street",https://www.imdb.com/title/tt0993846,Movie,8.2,180,2013,"Crime, Drama, Biography, Comedy",1676277,"2013-12-25","Martin Scorsese"
tt1853728,9,2017-05-17,"Django Unchained","Django Unchained",https://www.imdb.com/title/tt1853728,Movie,8.5,165,2012,"Western",1782330,"2012-12-25","Quentin Tarantino"
tt0110912,10,2017-05-17,"Pulp Fiction","Pulp Fiction",https://www.imdb.com/title/tt0110912,Movie,8.9,154,1994,"Crime, Drama",2325483,"1994-10-14","Quentin Tarantino"
tt1038988,10,2017-05-13,"REC","[Rec]",https://www.imdb.com/title/tt1038988,Movie,7.4,78,2007,"Horror, Thriller, Mystery",206420,"2007-11-23","Jaume Balagueró,Paco Plaza"
tt0477348,10,2017-05-12,"No Country for Old Men","No Country for Old Men",https://www.imdb.com/title/tt0477348,Movie,8.2,122,2007,"Thriller, Crime, Drama",1116542,"2007-11-21","Ethan Coen,Joel Coen"
tt0120735,10,2017-05-12,"Lock, Stock and Two Smoking Barrels","Lock, Stock and Two Smoking Barrels",https://www.imdb.com/title/tt0120735,Movie,8.1,107,1998,"Crime, Comedy",633496,"1998-08-28","Guy Ritchie"
tt0208092,10,2017-05-12,"Snatch","Snatch",https://www.imdb.com/title/tt0208092,Movie,8.2,102,2000,"Comedy, Crime",942995,"2001-01-19","Guy Ritchie"
tt0361748,10,2017-05-12,"Inglourious Basterds","Inglourious Basterds",https://www.imdb.com/title/tt0361748,Movie,8.4,153,2009,"War, Adventure, Drama",1673477,"2009-08-21","Quentin Tarantino"
tt2375692,10,2017-05-12,"Black Sails","Black Sails",https://www.imdb.com/title/tt2375692,TV Series,8.2,60,2014,"Adventure, Drama, Action",120600,"2014-01-25",
tt1844624,7,2017-05-12,"American Horror Story","American Horror Story",https://www.imdb.com/title/tt1844624,TV Series,7.9,60,2011,"Drama, Horror, Thriller, Sci-Fi",353918,"2011-10-05",
tt2085059,10,2017-05-12,"Black Mirror","Black Mirror",https://www.imdb.com/title/tt2085059,TV Series,8.7,60,2011,"Drama, Thriller, Sci-Fi, Mystery, Crime",678413,"2011-12-04",
tt3032476,10,2017-05-12,"Better Call Saul","Better Call Saul",https://www.imdb.com/title/tt3032476,TV Series,9.0,45,2015,"Crime, Drama",724167,"2015-02-08",
tt2017109,10,2017-05-12,"Banshee","Banshee",https://www.imdb.com/title/tt2017109,TV Series,8.4,60,2013,"Crime, Drama, Mystery, Action, Thriller",134905,"2013-01-11",
tt0423731,10,2017-05-12,"Samurai Champloo","Samurai Chanpurû",https://www.imdb.com/title/tt0423731,TV Series,8.5,24,2004,"Animation, Action, Adventure, Comedy, Drama, Thriller",59385,"2005-01-11",
tt4508902,10,2017-05-12,"One Punch Man","One Punch Man: Wanpanman",https://www.imdb.com/title/tt4508902,TV Series,8.7,24,2015,"Animation, Action, Comedy, Sci-Fi, Fantasy, Family",200189,"2015-10-05",
tt2861424,10,2017-05-12,"Rick and Morty","Rick and Morty",https://www.imdb.com/title/tt2861424,TV Series,9.1,23,2013,"Animation, Adventure, Comedy, Sci-Fi",644880,"2013-12-02",
tt0185906,10,2017-05-12,"Band of Brothers","Band of Brothers",https://www.imdb.com/title/tt0185906,TV Mini Series,9.4,60,2001,"History, Action, Drama, War",559079,"2001-09-09",
tt5491994,10,2017-05-12,"Planet Earth II","Planet Earth II",https://www.imdb.com/title/tt5491994,TV Mini Series,9.4,50,2016,"Documentary",165950,"2017-02-18",
tt5052448,10,2017-05-12,"Get Out","Get Out",https://www.imdb.com/title/tt5052448,Movie,7.8,104,2017,"Horror, Mystery, Thriller",755215,"2017-02-24","Jordan Peele"
tt1230385,10,2017-05-12,"The Yellow Sea","Hwanghae",https://www.imdb.com/title/tt1230385,Movie,7.3,136,2010,"Drama, Thriller, Crime, Action",23780,"2011-12-02","Na Hong-jin"
tt0364569,10,2017-05-12,"Oldboy","Oldeuboi",https://www.imdb.com/title/tt0364569,Movie,8.3,120,2003,"Mystery, Thriller, Action, Drama",675498,"2003-11-21","Park Chan-wook"
tt0120586,8,2017-05-12,"American History X","American History X",https://www.imdb.com/title/tt0120586,Movie,8.5,119,1998,"Drama, Crime",1227556,"1998-11-20","Tony Kaye"
tt0475784,8,2017-05-12,"Westworld","Westworld",https://www.imdb.com/title/tt0475784,TV Series,8.4,60,2016,"Sci-Fi, Drama, Mystery",546879,"2016-10-02",
tt0137523,10,2017-05-12,"Fight Club","Fight Club",https://www.imdb.com/title/tt0137523,Movie,8.8,139,1999,"Drama, Crime, Thriller",2452004,"1999-10-15","David Fincher"
tt0903747,10,2017-05-12,"Breaking Bad","Breaking Bad",https://www.imdb.com/title/tt0903747,TV Series,9.5,45,2008,"Drama, Crime, Thriller",2312084,"2008-01-20",
tt3072482,10,2016-08-20,"Hardcore Henry","Hardcore Henry",https://www.imdb.com/title/tt3072482,Movie,6.7,96,2015,"Action, Sci-Fi, Adventure, Thriller",105328,"2016-04-08","Ilya Naishuller"
tt2975590,1,2016-08-19,"Batman v Superman: Dawn of Justice","Batman v Superman: Dawn of Justice",https://www.imdb.com/title/tt2975590,Movie,6.5,151,2016,"Action, Adventure, Sci-Fi",769769,"2016-03-25","Zack Snyder"
tt1781922,7,2016-08-19,"No Escape","No Escape",https://www.imdb.com/title/tt1781922,Movie,6.7,103,2015,"Thriller, Action",96179,"2015-08-26","John Erick Dowdle"
tt0113799,10,2016-08-19,"Memories","Memorîzu",https://www.imdb.com/title/tt0113799,Movie,7.5,113,1995,"Animation, Thriller, Drama, Horror, Sci-Fi",22999,"1995-12-23","Katsuhiro Ôtomo,Kôji Morimoto,Tensai Okamura"
tt0088814,10,2016-08-19,"The Black Cauldron","The Black Cauldron",https://www.imdb.com/title/tt0088814,Movie,6.3,80,1985,"Animation, Adventure, Action, Family, Fantasy",42898,"1985-07-24","Ted Berman,Richard Rich"
tt0209144,10,2016-08-18,"Memento","Memento",https://www.imdb.com/title/tt0209144,Movie,8.4,113,2000,"Thriller, Mystery",1373849,"2001-05-25","Christopher Nolan"
tt0180093,10,2016-06-27,"Requiem for a Dream","Requiem for a Dream",https://www.imdb.com/title/tt0180093,Movie,8.3,102,2000,"Drama",935604,"2000-12-15","Darren Aronofsky"
tt0944947,10,2016-06-27,"Game of Thrones","Game of Thrones",https://www.imdb.com/title/tt0944947,TV Series,9.2,60,2011,"Fantasy, Drama, Adventure, Action",2420395,"2011-04-17",
tt4283094,10,2016-06-27,"Game of Thrones: The Winds of Winter","Game of Thrones: The Winds of Winter",https://www.imdb.com/title/tt4283094,TV Episode,9.9,68,2016,"Fantasy, Drama, Adventure, Action",170884,"2016-06-26","Miguel Sapochnik"
tt4283088,10,2016-06-27,"Game of Thrones: Battle of the Bastards","Game of Thrones: Battle of the Bastards",https://www.imdb.com/title/tt4283088,TV Episode,9.9,60,2016,"Fantasy, Drama, Adventure, Action",238008,"2016-06-19","Miguel Sapochnik"
